<?xml version="1.0" encoding="utf-8" ?>
<dwsync>
<file name="cover.jpg" server="yul.sgedu.site//" local="131157975557579410" remote="131160034800000000" Dst="0" />
<file name="apple-logo.jpg" server="yul.sgedu.site//" local="130839137460000000" remote="131160034800000000" Dst="0" />
<file name="apples.jpg" server="yul.sgedu.site//" local="130844175820000000" remote="131160034800000000" Dst="0" />
<file name="email_me.png" server="yul.sgedu.site//" local="129779280960000000" remote="131160034800000000" Dst="0" />
<file name="email_me_hover.png" server="yul.sgedu.site//" local="129779269740000000" remote="131160034800000000" Dst="0" />
<file name="brownie.jpg" server="yul.sgedu.site//" local="131158039618002511" remote="131160034800000000" Dst="0" />
<file name="home.png" server="yul.sgedu.site//" local="129778854720000000" remote="131160034800000000" Dst="0" />
<file name="header_bg.jpg" server="yul.sgedu.site//" local="129779323120000000" remote="131160034800000000" Dst="0" />
<file name="home2.png" server="yul.sgedu.site//" local="129779273640000000" remote="131160034800000000" Dst="0" />
<file name="home2_hover.png" server="yul.sgedu.site//" local="129779133240000000" remote="131160034800000000" Dst="0" />
<file name="header_bg.png" server="yul.sgedu.site//" local="129779323000000000" remote="131160034800000000" Dst="0" />
<file name="image1.jpg" server="yul.sgedu.site//" local="129779320660000000" remote="131160035400000000" Dst="0" />
<file name="home_bg1.jpg" server="yul.sgedu.site//" local="131157852104570501" remote="131160035400000000" Dst="0" />
<file name="image3.jpg" server="yul.sgedu.site//" local="129779321700000000" remote="131160035400000000" Dst="0" />
<file name="image2.jpg" server="yul.sgedu.site//" local="129779321260000000" remote="131160035400000000" Dst="0" />
<file name="image4.jpg" server="yul.sgedu.site//" local="131157994523734678" remote="131160035400000000" Dst="0" />
<file name="introduction.png" server="yul.sgedu.site//" local="129778854720000000" remote="131160035400000000" Dst="0" />
<file name="image5.jpg" server="yul.sgedu.site//" local="131157994808966746" remote="131160035400000000" Dst="0" />
<file name="introduction2.png" server="yul.sgedu.site//" local="129779273640000000" remote="131160035400000000" Dst="0" />
<file name="introduction2_hover.png" server="yul.sgedu.site//" local="129779132980000000" remote="131160035400000000" Dst="0" />
<file name="iOS8logo.jpg" server="yul.sgedu.site//" local="130839189260000000" remote="131160035400000000" Dst="0" />
<file name="ios9.jpg" server="yul.sgedu.site//" local="130878075160000000" remote="131160035400000000" Dst="0" />
<file name="ipad1.jpg" server="yul.sgedu.site//" local="130878074740000000" remote="131160035400000000" Dst="0" />
<file name="ipad.jpg" server="yul.sgedu.site//" local="130839172700000000" remote="131160035400000000" Dst="0" />
<file name="ipad2.jpg" server="yul.sgedu.site//" local="130878074880000000" remote="131160035400000000" Dst="0" />
<file name="ipadair_Gold.jpg" server="yul.sgedu.site//" local="130884872060000000" remote="131160035400000000" Dst="0" />
<file name="iPhone-6.jpg" server="yul.sgedu.site//" local="130878072920000000" remote="131160035400000000" Dst="0" />
<file name="iphone-6plus.jpg" server="yul.sgedu.site//" local="130878073340000000" remote="131160035400000000" Dst="0" />
<file name="ipadair_silver.jpg" server="yul.sgedu.site//" local="130884871960000000" remote="131160035400000000" Dst="0" />
<file name="iphone.jpg" server="yul.sgedu.site//" local="130839171300000000" remote="131160035400000000" Dst="0" />
<file name="iphone6s-black.jpg" server="yul.sgedu.site//" local="130878125880000000" remote="131160035400000000" Dst="0" />
<file name="iphone6s-silver.jpg" server="yul.sgedu.site//" local="130878124960000000" remote="131160035400000000" Dst="0" />
<file name="iphone6s_gold.jpg" server="yul.sgedu.site//" local="130878125980000000" remote="131160035400000000" Dst="0" />
<file name="iphone6s_rosegold.jpg" server="yul.sgedu.site//" local="130878125760000000" remote="131160035400000000" Dst="0" />
<file name="iPhone6sback.jpg" server="yul.sgedu.site//" local="130878226280000000" remote="131160035400000000" Dst="0" />
<file name="iphone6_black.jpg" server="yul.sgedu.site//" local="130878251080000000" remote="131160035400000000" Dst="0" />
<file name="left_bg.png" server="yul.sgedu.site//" local="129779174140000000" remote="131160035400000000" Dst="0" />
<file name="left_menu.gif" server="yul.sgedu.site//" local="129779273640000000" remote="131160035400000000" Dst="0" />
<file name="iphone6_silver.jpg" server="yul.sgedu.site//" local="130878250920000000" remote="131160035400000000" Dst="0" />
<file name="left_menu.png" server="yul.sgedu.site//" local="129779119340000000" remote="131160035400000000" Dst="0" />
<file name="left_menu_bg.png" server="yul.sgedu.site//" local="129779259780000000" remote="131160035400000000" Dst="0" />
<file name="logo.png" server="yul.sgedu.site//" local="131157970144466443" remote="131160035400000000" Dst="0" />
<file name="macbook.jpg" server="yul.sgedu.site//" local="130878073820000000" remote="131160035400000000" Dst="0" />
<file name="macbook2.jpg" server="yul.sgedu.site//" local="130878074540000000" remote="131160035400000000" Dst="0" />
<file name="Macbook1st page.jpg" server="yul.sgedu.site//" local="130839119080000000" remote="131160035400000000" Dst="0" />
<file name="macbookair_one.jpg" server="yul.sgedu.site//" local="130884934320000000" remote="131160035400000000" Dst="0" />
<file name="macbookair_two.jpg" server="yul.sgedu.site//" local="130884934020000000" remote="131160035400000000" Dst="0" />
<file name="macbookpro_one.jpg" server="yul.sgedu.site//" local="130884926180000000" remote="131160035400000000" Dst="0" />
<file name="nav_home.png" server="yul.sgedu.site//" local="129778975660000000" remote="131160035400000000" Dst="0" />
<file name="macbookpro_two.jpg" server="yul.sgedu.site//" local="130884925940000000" remote="131160035400000000" Dst="0" />
<file name="nav_home_hover.png" server="yul.sgedu.site//" local="129778991860000000" remote="131160035400000000" Dst="0" />
<file name="nav_home_hover2.png" server="yul.sgedu.site//" local="129779104040000000" remote="131160035400000000" Dst="0" />
<file name="nav_introduction.png" server="yul.sgedu.site//" local="129778975660000000" remote="131160035400000000" Dst="0" />
<file name="nav_introduction_hover.png" server="yul.sgedu.site//" local="129778547160000000" remote="131160035400000000" Dst="0" />
<file name="nav_introduction_hover2.png" server="yul.sgedu.site//" local="129779104520000000" remote="131160035400000000" Dst="0" />
<file name="macbookpro.jpg" server="yul.sgedu.site//" local="130839217360000000" remote="131160035400000000" Dst="0" />
<file name="nav_practice.png" server="yul.sgedu.site//" local="129778975660000000" remote="131160035400000000" Dst="0" />
<file name="nav_practice_hover.png" server="yul.sgedu.site//" local="129778546980000000" remote="131160035400000000" Dst="0" />
<file name="nav_practice_hover2.png" server="yul.sgedu.site//" local="129779104300000000" remote="131160035400000000" Dst="0" />
<file name="osyosemite.jpg" server="yul.sgedu.site//" local="130839181960000000" remote="131160035400000000" Dst="0" />
<file name="ordinary.jpg" server="yul.sgedu.site//" local="131158044904431334" remote="131160035400000000" Dst="0" />
<file name="os-x-el.jpg" server="yul.sgedu.site//" local="130878075080000000" remote="131160035400000000" Dst="0" />
<file name="practice.png" server="yul.sgedu.site//" local="129778854720000000" remote="131160035400000000" Dst="0" />
<file name="practice2.png" server="yul.sgedu.site//" local="129779273640000000" remote="131160035400000000" Dst="0" />
<file name="practice2_hover.png" server="yul.sgedu.site//" local="129779131840000000" remote="131160035400000000" Dst="0" />
<file name="title_practice.png" server="yul.sgedu.site//" local="129779273640000000" remote="131160035400000000" Dst="0" />
<file name="t_ordinary.png" server="yul.sgedu.site//" local="129779381040000000" remote="131160035400000000" Dst="0" />
<file name="t_rum.png" server="yul.sgedu.site//" local="129779381340000000" remote="131160035400000000" Dst="0" />
<file name="t_semen.png" server="yul.sgedu.site//" local="129779381520000000" remote="131160035400000000" Dst="0" />
<file name="cover.jpg" server="siteground278.com//public_html/" local="131157975557579410" remote="131160041400000000" Dst="0" />
</dwsync>