<?xml version="1.0" encoding="utf-8" ?>
<dwsync>
<file name="contact.html" server="yul.sgedu.site//" local="131160566337691294" remote="131160034800000000" Dst="0" />
<file name="style.css" server="yul.sgedu.site//" local="131160567271562440" remote="131160035400000000" Dst="0" />
<file name="registration.html" server="yul.sgedu.site//" local="131160572175921842" remote="131160035400000000" Dst="0" />
<file name="index.html" server="yul.sgedu.site//" local="131160571906713295" remote="131160035400000000" Dst="0" />
<file name="login.html" server="yul.sgedu.site//" local="131160572394503001" remote="131160035400000000" Dst="0" />
<file name="contact.html" server="siteground278.com//public_html/" local="131160566337691294" remote="131160040800000000" Dst="0" />
<file name="style.css" server="siteground278.com//public_html/" local="131160567271562440" remote="131160040800000000" Dst="0" />
<file name="index.html" server="siteground278.com//public_html/" local="131160571906713295" remote="131160042000000000" Dst="0" />
<file name="login.html" server="siteground278.com//public_html/" local="131160572394503001" remote="131160042000000000" Dst="0" />
<file name="registration.html" server="siteground278.com//public_html/" local="131160572175921842" remote="131160042000000000" Dst="0" />
</dwsync>